﻿Name,DR,Tags
DONT USE,-99,"Animal, Construct, Humanoid, Monstrosity, Planar, Undead"
Basic NPC,0,Humanoid
Basic Guard,1,Humanoid
Guard Captain,2,Humanoid
Small Bird,0,Animal
MoleFrog,0,Animal
Cat,0,Animal
Squirrel,0,Animal
Horse/Moa,1,Animal
Dog,1,Animal
Panther,4,Animal
Baby Dragon Turtle,4,Animal
Baby Dragon,4,Animal
Corrupted Ancient Lifter Golem,1,Construct
Corrupted Ancient Simple Golem,2,Construct
Corrupted Ancient Guard Golem,3,Construct
Bio-Mechanical Egg,1,"Construct, Monstrosity"
Baby Bio-Mechanical Spider,2,"Construct, Monstrosity"
Bio-Mechanical Spider,4,"Construct, Monstrosity"
Large Bio-Mechanical Spider,6,"Construct, Monstrosity"
Bio-Mechanical Spider Queen,8,"Construct, Monstrosity"
Turreted Weapon,-1,Construct
Personal Golem,-1,Construct
Golemancer Test,4,Humanoid
Frontline Test,4,Humanoid
Ranger Test,4,Humanoid
Mage Test,4,Humanoid
Medic Test,4,Humanoid
Zombie,1,Undead
Burned Soul,6,Undead
Lich,8,Undead
Arch Lich,11,Undead
Ice Oni,7,Planar