﻿Name,Requirement,Effect,Defense
Light,Core,,">=3., >=5"
Medium,Body 1,-1 Speed,">=4, >=4."
Unarmored,Core,+1 Speed,">=3., >=4"
Heavy,Body 1,-2 Speed,">=4., >=5"
Shield,Body 1,"1Hand, Armor 1",
Platemail (Heavy),Body 4,"-2 Speed, Armor 2",">=4., >=5"
Ancient Plate (Heavy),Body 6,"-2 Speed, Armor 4",">=4, >=5"
Padded Leather (Medium),Mind 4,"Armor 1, Ward 1",">=4, >=4."
Composite Chainmail (Medium),Mind 6,"Armor 2, Ward 1",">=4, >=4."
Soul Weave Cloak (Light),Soul 4,Ward 2,">=3., >=5"
Soul Weave Robes (Light),Soul 6,"Armor 1, Ward 2",">=3., >=5"
Tower Shield,Body 4,"1Hand, Armor 1, Ward 1",
Shield,Mind 1,"1Hand, Armor 1",
Medium,Mind 1,-1 Speed,">=4, >=4."