﻿Name,Tags,Effect,Cost,Crafting
Bandage,"Consumable, Medicine, Non-Magic, Tiny","Target a Creature, cannot target undead or constructs. Heal the target 2 Health + Half your Medicine Rounded up. 
Can be crafted with Medicine or Crafting Rolls.",,
Medkit,"Consumable, Medicine, Non-Magic, Small","Target a Creature, cannot target undead or constructs. Heal the target for your Medicine + Level.
Can be crafted with Medicine or Crafting Rolls.",,
Healing Spray,"Consumable, Medicine, Non-Magic, Tiny","Requires Medicine 3 to be used properly. Target a Creature, cannot target undead or constructs. Heal the target 2 + Level Health. 
Can be crafted with Medicine or Crafting Rolls.",,
Smoke Grenade,"Consumable, Non-Magic, Tiny",Throw Range 6. Cast Summon Fog wherever it lands. The fog does not end if you take damage.,,
Frag Grenade,"Consumable, Non-Magic, Tiny",Throw Range 6. Burst 1 centered wherever it lands. Make a Core Attack roll against all creatures within the area. Deals 1 damage.,,
Flashbang,"Consumable, Non-Magic, Tiny",Throw Range 6. Cast Lightshow wherever it lands. Make a Core Attack roll for the attack instead of Soul.,,
Potion of Heart,"Consumable, Non-Magic, Potion, Tiny",Gain 4 Temporary Health. This goes away at the end of the next rest or when used.,,
Potion of Body,"Consumable, Non-Magic, Potion, Tiny",Gain 1 Body for 30 seconds (3 turns).,,
Potion of Mind,"Consumable, Non-Magic, Potion, Tiny",Gain 1 Mind for 30 seconds (3 turns).,,
Potion of Soul,"Consumable, Non-Magic, Potion, Tiny",Gain 1 Soul. This effect goes away after 3 turns (30 sec).,,
Potion of StoneSkin,"Consumable, Non-Magic, Potion, Tiny",Gain -1 Damage when Hit for 30 seconds (3 turns).,,
Potion of the Ghost,"Consumable, Non-Magic, Potion, Tiny",Gain Intangible for 60 seconds (6 turns).,,
Potion of Flight,"Consumable, Non-Magic, Potion, Tiny",Gain Flight (Can move its Speed in the air) for 60 seconds (6 turns).,,
Potion of Soul Stich,"Consumable, Non-Magic, Potion, Tiny",Cleans 3.,,
Holy Water,"Consumable, Non-Magic, Potion, Tiny",Deals 1 damage to Undead when in contact (this does not remove the Holy water). This is needed to craft a Potion of Life.,,
Sleeping Poison,"Consumable, Non-Magic, Potion, Tiny","When ingested or put into the blood (coated blade) roll Body. You must get a (5,4,4) or Fall Asleep. The GM rolls a dice, you are asleep for this many hours or until someone wakes you up with damage or 2 dice.",,
Deadly Poison,"Consumable, Non-Magic, Potion, Tiny","When ingested or put into the blood (coated blade) roll Body. You must get a (5,4,4) or take 2 Damage.",,
Soul Rend Poison,"Consumable, Non-Magic, Potion, Tiny","When ingested or put into the blood (coated blade) roll Soul. You must get a (5,4,4) or gain 2 Soul Strain.",,
Paralysis Poison,"Consumable, Non-Magic, Potion, Tiny","When ingested or put into the blood (coated blade) roll Body. You must get a (5,4,4) or be Frozen for 20 seconds (2 turns).",,
Travel Food,"Consumable, Non-Magic, Tiny",An assortment of dry goods meant for travel. It does not taste good.,,
Cheap Meal,"Consumable, Non-Magic, Tiny",A prepared meal. It's better than Travel Food but not by much.,,
Decent Meal,"Consumable, Non-Magic, Tiny",A well prepared meal. Most will find this acceptable.,,
Rich Meal,"Consumable, Non-Magic, Tiny",An expensive meal made for the wealthy. Most will find this tasty.,,
Royal Meal,"Consumable, Non-Magic, Tiny",Kings and Emperors eat this. The best meal money can buy.,,
Oil,"Consumable, Non-Magic, Tiny",Flammable. Can be used to refuel a Lantern or for cooking.,,
Potion of Life,"Consumable, Magic, Medicine, Potion, Tiny","Revive a dead creature. The creature’s Soul must be free and the creature cannot have been dead for more than 1 month.
Requires a Phoenix Feather, Undying Heart, and Holy Water to craft.",,
Phoenix Feather,"Consumable, Magic, Medicine, Tiny","A golden orange feather that is warm to the touch.
If a Creature dies while in possession of the feather the feather turns to dust, the creature's Health is set to 1, and they are no longer on Death's Door.
This is needed to craft a Potion of Life.",,
Undying Heart,"Consumable, Magic, Medicine, Tiny","A heart that continues to beat even when its body is lost.
Can be Consumed to permanently increase Health by 2.
This is needed to craft a Potion of Life.",,